"Data","Último","Abertura","Máxima","Mínima","Vol.","Var%"
"12.12.2025","15,28","15,23","15,42","15,04","4,78M","0,39%"
"11.12.2025","15,22","15,21","15,46","15,10","4,49M","-0,20%"
"10.12.2025","15,25","15,12","15,41","15,10","1,96M","0,86%"
"09.12.2025","15,12","15,15","15,27","14,78","1,85M","0,53%"
"08.12.2025","15,04","15,35","15,43","15,01","2,71M","-1,51%"
"05.12.2025","15,27","15,65","15,82","15,08","7,84M","-2,55%"
"04.12.2025","15,67","15,57","15,83","15,41","7,48M","0,19%"
"03.12.2025","15,64","15,76","15,83","15,39","2,24M","-0,76%"
"02.12.2025","15,76","15,66","16,04","15,64","3,54M","0,64%"
"01.12.2025","15,66","15,46","15,78","15,42","4,75M","0,19%"
"28.11.2025","15,63","15,56","15,72","15,34","3,08M","0,19%"
"27.11.2025","15,60","15,52","15,76","15,49","1,03M","-0,51%"
"26.11.2025","15,68","15,24","15,68","15,13","7,93M","4,53%"
"25.11.2025","15,00","14,34","15,00","14,13","4,44M","4,53%"
"24.11.2025","14,35","14,30","14,49","14,25","2,92M","1,06%"
"21.11.2025","14,20","13,78","14,48","13,76","4,17M","1,79%"
"19.11.2025","13,95","13,76","14,04","13,61","4,62M","1,45%"
"18.11.2025","13,75","13,84","13,99","13,63","5,43M","-0,72%"
"17.11.2025","13,85","14,07","14,11","13,82","2,08M","-1,35%"
"14.11.2025","14,04","14,40","14,44","13,86","8,01M","-1,13%"
"13.11.2025","14,20","14,35","14,36","13,77","5,02M","-1,32%"
"12.11.2025","14,39","14,65","14,65","14,26","2,19M","-1,17%"
"11.11.2025","14,56","14,22","14,65","14,19","4,10M","1,53%"
"10.11.2025","14,34","14,27","14,46","14,16","3,42M","1,20%"
"07.11.2025","14,17","14,20","14,31","13,85","4,79M","-1,39%"
"06.11.2025","14,37","14,65","14,69","14,22","3,49M","-2,31%"
"05.11.2025","14,71","14,21","14,75","14,20","1,96M","2,87%"
"04.11.2025","14,30","14,33","14,57","14,16","1,93M","-1,65%"
"03.11.2025","14,54","14,70","14,76","14,29","4,66M","-0,34%"
"31.10.2025","14,59","14,58","14,61","14,31","2,37M","0,83%"
"30.10.2025","14,47","14,36","14,65","14,35","1,67M","-0,55%"
"29.10.2025","14,55","14,36","14,57","14,23","2,41M","2,18%"
"28.10.2025","14,24","14,28","14,48","14,22","1,02M","-0,42%"
"27.10.2025","14,30","14,52","14,70","14,29","2,00M","-0,49%"
"24.10.2025","14,37","14,37","14,53","14,22","1,65M","0,00%"
"23.10.2025","14,37","13,72","14,53","13,70","3,81M","4,74%"
"22.10.2025","13,72","13,78","13,93","13,59","1,51M","-1,08%"
"21.10.2025","13,87","13,79","14,04","13,70","2,23M","-0,22%"
"20.10.2025","13,90","13,48","14,08","13,48","1,31M","2,21%"
"17.10.2025","13,60","13,27","13,62","13,27","1,30M","1,72%"
"16.10.2025","13,37","13,92","13,96","13,34","2,02M","-3,26%"
"15.10.2025","13,82","13,70","13,93","13,56","1,09M","0,88%"
"14.10.2025","13,70","13,69","13,92","13,50","1,68M","-0,65%"
"13.10.2025","13,79","13,76","13,85","13,61","998,03K","0,29%"
"10.10.2025","13,75","13,83","14,02","13,69","1,22M","-1,01%"
"09.10.2025","13,89","13,84","13,99","13,66","1,77M","0,87%"
"08.10.2025","13,77","13,55","13,87","13,45","2,77M","1,25%"
"07.10.2025","13,60","13,66","13,85","13,39","2,30M","-0,44%"
"06.10.2025","13,66","13,62","13,73","13,46","1,05M","0,15%"
"03.10.2025","13,64","13,62","13,75","13,52","2,17M","0,07%"
"02.10.2025","13,63","13,65","13,77","13,49","1,96M","-0,44%"
"01.10.2025","13,69","14,26","14,26","13,56","4,47M","-4,33%"
"30.09.2025","14,31","14,14","14,39","13,92","4,14M","0,99%"
"29.09.2025","14,17","14,10","14,31","14,07","2,04M","0,50%"
"26.09.2025","14,10","14,21","14,30","13,90","1,79M","-0,63%"
"25.09.2025","14,19","14,19","14,38","14,05","1,83M","-0,56%"
"24.09.2025","14,27","14,24","14,53","14,16","1,84M","0,35%"
"23.09.2025","14,22","14,55","14,64","14,21","989,50K","-2,80%"
"22.09.2025","14,63","14,32","14,63","14,23","1,39M","2,02%"
"19.09.2025","14,34","14,23","14,52","14,22","1,37M","0,91%"
"18.09.2025","14,21","14,18","14,28","14,04","1,15M","0,21%"
"17.09.2025","14,18","14,08","14,18","14,00","1,42M","0,71%"
"16.09.2025","14,08","14,06","14,25","13,88","1,51M","0,14%"
"15.09.2025","14,06","14,00","14,23","13,98","2,05M","0,43%"
"12.09.2025","14,00","13,97","14,15","13,92","783,62K","-0,43%"
"11.09.2025","14,06","13,92","14,24","13,92","1,41M","1,01%"
"10.09.2025","13,92","14,04","14,22","13,83","3,07M","-0,85%"
"09.09.2025","14,04","13,78","14,06","13,65","1,92M","1,67%"
"08.09.2025","13,81","13,33","13,89","13,31","3,90M","3,68%"
"05.09.2025","13,32","13,52","13,70","13,13","3,78M","-2,06%"
"04.09.2025","13,60","13,56","13,68","13,25","1,97M","0,00%"
"03.09.2025","13,60","13,61","13,72","13,45","1,77M","-0,07%"
"02.09.2025","13,61","13,30","13,61","13,18","3,45M","1,34%"
"01.09.2025","13,43","13,29","13,75","13,22","4,67M","0,90%"
"29.08.2025","13,31","13,27","13,48","13,21","2,92M","-0,60%"
"28.08.2025","13,39","13,26","13,70","13,26","4,34M","0,90%"
"27.08.2025","13,27","13,00","13,33","13,00","2,95M","1,38%"
"26.08.2025","13,09","12,75","13,09","12,73","4,30M","2,35%"
"25.08.2025","12,79","12,70","13,13","12,68","3,08M","1,35%"
"22.08.2025","12,62","12,56","12,72","12,37","4,89M","0,16%"
"21.08.2025","12,60","12,41","12,67","12,31","4,28M","1,45%"
"20.08.2025","12,42","12,26","12,58","12,06","5,37M","2,39%"
"19.08.2025","12,13","12,25","12,30","12,03","8,42M","0,33%"
"18.08.2025","12,09","11,89","12,30","11,58","7,29M","2,37%"
"15.08.2025","11,81","12,00","12,68","11,68","9,73M","5,16%"
"14.08.2025","11,23","11,08","11,23","10,78","4,57M","1,08%"
"13.08.2025","11,11","11,04","11,25","11,04","4,55M","0,00%"
"12.08.2025","11,11","10,83","11,11","10,79","4,76M","2,78%"
"11.08.2025","10,81","11,21","11,23","10,81","2,20M","-4,25%"
"08.08.2025","11,29","11,25","11,38","11,07","1,68M","1,26%"
"07.08.2025","11,15","11,15","11,48","11,14","2,00M","0,00%"
"06.08.2025","11,15","11,22","11,45","11,07","1,51M","-0,54%"
"05.08.2025","11,21","10,99","11,24","10,93","1,69M","1,45%"
"04.08.2025","11,05","11,20","11,23","10,97","1,39M","-0,27%"
"01.08.2025","11,08","11,30","11,47","11,08","3,80M","-4,24%"
"31.07.2025","11,57","11,80","11,90","11,40","3,02M","-1,95%"
"30.07.2025","11,80","11,71","11,84","11,61","1,10M","0,43%"
"29.07.2025","11,75","11,82","11,93","11,67","1,22M","-0,25%"
"28.07.2025","11,78","11,83","11,92","11,68","1,03M","-0,25%"
"25.07.2025","11,81","11,74","11,93","11,74","522,58K","0,68%"
"24.07.2025","11,73","11,91","12,00","11,73","2,38M","-2,66%"
"23.07.2025","12,05","11,93","12,05","11,87","1,18M","0,58%"
"22.07.2025","11,98","11,96","12,10","11,89","938,94K","0,25%"
"21.07.2025","11,95","12,21","12,29","11,95","2,03M","-2,61%"
"18.07.2025","12,27","13,01","13,01","12,11","3,12M","-6,26%"
"17.07.2025","13,09","12,80","13,09","12,80","1,99M","3,07%"
"16.07.2025","12,70","12,58","12,77","12,42","1,84M","1,93%"
"15.07.2025","12,46","12,10","12,56","12,10","2,08M","2,81%"
"14.07.2025","12,12","11,85","12,24","11,84","2,83M","1,93%"
"11.07.2025","11,89","11,97","12,15","11,85","866,37K","-1,25%"
"10.07.2025","12,04","12,30","12,53","11,78","2,88M","-3,68%"
"09.07.2025","12,50","12,21","12,64","12,19","1,64M","1,96%"
"08.07.2025","12,26","12,15","12,41","12,13","2,45M","0,91%"
"07.07.2025","12,15","12,20","12,27","12,05","1,50M","-1,22%"
"04.07.2025","12,30","12,10","12,43","11,94","826,07K","0,99%"
"03.07.2025","12,18","12,21","12,33","12,14","665,94K","0,66%"
"02.07.2025","12,10","12,37","12,53","12,05","4,56M","-2,10%"
"01.07.2025","12,36","12,47","12,74","12,24","2,58M","-1,98%"
"30.06.2025","12,61","12,12","12,72","12,12","2,28M","4,13%"
"27.06.2025","12,11","12,34","12,46","12,10","2,69M","-2,57%"
"26.06.2025","12,43","12,32","12,43","12,09","3,56M","0,16%"
"25.06.2025","12,41","12,29","12,77","12,27","3,22M","-0,32%"
"24.06.2025","12,45","11,52","12,49","11,51","7,31M","8,64%"
"23.06.2025","11,46","11,22","11,46","10,95","2,63M","0,97%"
"20.06.2025","11,35","11,17","11,48","11,17","5,66M","0,44%"
"18.06.2025","11,30","11,20","11,40","10,92","6,83M","0,44%"
"17.06.2025","11,25","11,34","11,41","11,11","3,06M","-1,57%"
"16.06.2025","11,43","11,10","11,52","11,09","6,33M","3,81%"
"13.06.2025","11,01","11,11","11,30","10,99","5,77M","-1,34%"
"12.06.2025","11,16","11,60","11,60","11,15","5,54M","-5,34%"
"11.06.2025","11,79","11,08","11,79","11,08","2,20M","6,60%"
"10.06.2025","11,06","11,01","11,34","10,95","2,50M","0,55%"
"09.06.2025","11,00","11,25","11,37","11,00","2,80M","-3,59%"
"06.06.2025","11,41","11,30","11,46","11,18","2,90M","0,44%"
"05.06.2025","11,36","11,20","11,39","11,14","3,31M","0,53%"
"04.06.2025","11,30","11,25","11,38","11,15","1,37M","-0,70%"
"03.06.2025","11,38","11,44","11,44","11,21","1,34M","-0,18%"
"02.06.2025","11,40","11,39","11,42","11,11","3,81M","0,09%"
"30.05.2025","11,39","11,20","11,46","11,14","1,15M","0,35%"
"29.05.2025","11,35","11,55","11,57","11,16","1,85M","-1,13%"
"28.05.2025","11,48","11,31","11,59","11,24","1,08M","1,41%"
"27.05.2025","11,32","11,36","11,45","11,22","1,59M","-0,44%"
"26.05.2025","11,37","11,25","11,49","11,21","605,64K","0,18%"
"23.05.2025","11,35","11,24","11,54","11,15","3,20M","-1,65%"
"22.05.2025","11,54","11,24","11,63","11,11","1,99M","1,94%"
"21.05.2025","11,32","11,63","12,00","11,25","2,78M","-4,71%"
"20.05.2025","11,88","12,21","12,27","11,88","2,17M","-3,73%"
"19.05.2025","12,34","12,07","12,38","11,96","1,01M","0,73%"
"16.05.2025","12,25","12,14","12,49","12,09","2,39M","-0,73%"
"15.05.2025","12,34","12,43","12,69","12,34","5,64M","-2,53%"
"14.05.2025","12,66","11,80","12,83","11,60","15,22M","3,52%"
"13.05.2025","12,23","12,12","12,33","11,96","1,64M","0,91%"
"12.05.2025","12,12","12,38","12,53","12,12","2,09M","0,50%"
"09.05.2025","12,06","12,00","12,18","11,92","1,26M","0,42%"
"08.05.2025","12,01","11,83","12,28","11,74","4,39M","1,95%"
"07.05.2025","11,78","11,92","11,95","11,72","963,54K","-0,34%"
"06.05.2025","11,82","11,75","11,92","11,68","630,17K","1,11%"
"05.05.2025","11,69","11,64","11,87","11,51","1,74M","-0,09%"
"02.05.2025","11,70","11,55","11,75","11,55","3,07M","0,95%"
"30.04.2025","11,59","11,32","11,73","11,29","1,37M","0,35%"
"29.04.2025","11,55","11,38","11,66","11,23","2,42M","1,58%"
"28.04.2025","11,37","11,29","11,48","11,22","1,55M","0,00%"
"25.04.2025","11,37","11,03","11,37","11,03","1,09M","2,62%"
"24.04.2025","11,08","10,78","11,09","10,71","2,05M","2,88%"
"23.04.2025","10,77","10,75","10,99","10,74","2,17M","0,94%"
"22.04.2025","10,67","10,40","10,74","10,36","2,28M","0,28%"
"17.04.2025","10,64","10,61","10,72","10,51","1,06M","0,85%"
"16.04.2025","10,55","10,59","10,66","10,30","881,43K","-0,09%"
"15.04.2025","10,56","10,33","10,79","10,31","2,14M","3,23%"
"14.04.2025","10,23","10,46","10,59","10,22","1,73M","-0,29%"
"11.04.2025","10,26","10,05","10,37","9,97","4,55M","3,12%"
"10.04.2025","9,95","10,32","10,48","9,87","2,42M","-4,60%"
"09.04.2025","10,43","10,00","10,66","9,80","4,39M","5,89%"
"08.04.2025","9,85","10,02","10,40","9,72","6,65M","4,68%"
"07.04.2025","9,41","8,99","9,85","8,90","5,40M","2,39%"
"04.04.2025","9,19","9,50","9,52","8,73","6,42M","-4,77%"
"03.04.2025","9,65","9,67","9,72","9,39","8,68M","-3,69%"
"02.04.2025","10,02","9,81","10,10","9,56","2,70M","1,21%"
"01.04.2025","9,90","9,78","9,98","9,72","4,29M","2,91%"
"31.03.2025","9,62","9,80","9,86","9,34","3,60M","-2,43%"
"28.03.2025","9,86","10,51","10,52","9,83","6,00M","-7,24%"
"27.03.2025","10,63","10,40","10,66","10,30","2,66M","2,61%"
"26.03.2025","10,36","10,90","10,91","10,33","3,23M","-4,60%"
"25.03.2025","10,86","11,12","11,12","10,62","3,97M","-3,04%"
"24.03.2025","11,20","11,20","11,28","10,96","1,45M","1,36%"
"21.03.2025","11,05","10,77","11,05","10,65","1,66M","3,66%"
"20.03.2025","10,66","11,00","11,13","10,66","2,14M","-4,57%"
"19.03.2025","11,17","10,93","11,30","10,88","1,49M","2,67%"
"18.03.2025","10,88","11,02","11,22","10,72","2,66M","-1,89%"
"17.03.2025","11,09","11,12","11,29","11,01","1,37M","0,18%"
"14.03.2025","11,07","10,52","11,33","10,41","2,99M","6,14%"
"13.03.2025","10,43","10,50","10,84","10,24","2,08M","-0,67%"
"12.03.2025","10,50","10,41","10,67","10,26","1,13M","1,45%"
"11.03.2025","10,35","9,91","10,35","9,81","2,06M","5,40%"
"10.03.2025","9,82","10,30","10,31","9,74","3,65M","-6,03%"
"07.03.2025","10,45","10,30","10,53","9,87","2,74M","2,55%"
"06.03.2025","10,19","10,15","10,36","9,96","1,56M","-0,88%"
"05.03.2025","10,28","10,56","10,57","10,11","1,36M","-2,56%"
"28.02.2025","10,55","10,85","10,95","10,49","3,93M","-3,12%"
"27.02.2025","10,89","11,11","11,42","10,89","1,93M","-1,89%"
"26.02.2025","11,10","10,86","11,23","10,80","3,41M","4,62%"
"25.02.2025","10,61","10,66","10,89","10,52","2,80M","0,09%"
"24.02.2025","10,60","10,46","11,03","10,44","4,80M","2,32%"
"21.02.2025","10,36","11,65","11,75","10,30","16,65M","-15,08%"
"20.02.2025","12,20","12,73","12,91","12,20","1,42M","-5,06%"
"19.02.2025","12,85","12,82","12,85","12,57","981,91K","0,86%"
"18.02.2025","12,74","12,75","13,00","12,65","1,19M","1,92%"
"17.02.2025","12,50","12,83","12,94","12,40","1,58M","-2,50%"
"14.02.2025","12,82","13,11","13,34","12,82","1,00M","-2,21%"
"13.02.2025","13,11","12,99","13,17","12,88","526,03K","0,69%"
"12.02.2025","13,02","13,25","13,34","12,90","844,68K","-1,81%"
"11.02.2025","13,26","13,32","13,40","13,17","719,67K","-0,82%"
"10.02.2025","13,37","13,29","13,43","13,09","608,42K","1,67%"
"07.02.2025","13,15","13,25","13,45","12,99","1,91M","0,92%"
"06.02.2025","13,03","13,13","13,21","12,98","480,08K","-0,84%"
"05.02.2025","13,14","12,72","13,14","12,61","858,44K","3,79%"
"04.02.2025","12,66","12,77","12,89","12,56","522,01K","0,48%"
"03.02.2025","12,60","12,48","12,77","12,42","879,77K","-1,49%"
"31.01.2025","12,79","12,99","13,16","12,75","1,04M","-2,74%"
"30.01.2025","13,15","12,29","13,24","12,23","2,22M","8,05%"
"29.01.2025","12,17","12,31","12,35","12,06","1,29M","-1,06%"
"28.01.2025","12,30","12,00","12,30","11,88","885,46K","2,50%"
"27.01.2025","12,00","11,88","12,28","11,80","2,84M","-0,66%"
"24.01.2025","12,08","12,08","12,27","11,98","965,77K","0,75%"
"23.01.2025","11,99","11,74","11,99","11,66","681,16K","1,87%"
"22.01.2025","11,77","11,61","12,09","11,47","1,73M","1,38%"
"21.01.2025","11,61","11,78","11,94","11,47","1,68M","1,31%"
"20.01.2025","11,46","11,60","11,65","11,41","638,61K","-0,78%"
"17.01.2025","11,55","11,45","11,68","11,39","2,37M","1,94%"
"16.01.2025","11,33","11,54","11,65","11,18","1,43M","-0,96%"
"15.01.2025","11,44","10,99","11,48","10,97","1,52M","4,28%"
"14.01.2025","10,97","11,20","11,30","10,95","1,79M","-2,32%"
"13.01.2025","11,23","10,93","11,23","10,84","2,05M","1,35%"
"10.01.2025","11,08","11,16","11,28","10,99","1,82M","-1,69%"
"09.01.2025","11,27","11,12","11,34","11,11","743,46K","0,27%"
"08.01.2025","11,24","11,18","11,40","11,11","1,67M","-0,18%"
"07.01.2025","11,26","11,28","11,40","11,01","1,75M","-0,18%"
"06.01.2025","11,28","11,35","11,69","11,25","2,69M","0,18%"
"03.01.2025","11,26","10,74","11,31","10,74","2,52M","4,55%"
"02.01.2025","10,77","10,87","10,93","10,52","1,68M","-1,55%"
"30.12.2024","10,94","10,55","11,18","10,40","3,95M","3,89%"
"27.12.2024","10,53","10,70","10,73","10,50","1,79M","-1,22%"
"26.12.2024","10,66","10,55","10,68","10,49","1,06M","1,81%"
"23.12.2024","10,47","10,60","10,64","10,43","1,48M","-0,66%"
"20.12.2024","10,54","10,33","10,61","10,23","5,23M","-0,57%"
"19.12.2024","10,60","11,02","11,12","10,44","6,29M","-1,76%"
"18.12.2024","10,79","11,78","11,96","10,79","7,54M","-8,95%"
"17.12.2024","11,85","11,92","12,12","11,76","2,71M","-0,42%"
"16.12.2024","11,90","11,92","12,06","11,64","1,91M","-0,34%"
"13.12.2024","11,94","12,06","12,15","11,92","1,38M","-0,67%"
"12.12.2024","12,02","12,19","12,22","11,70","5,12M","-0,83%"
"11.12.2024","12,12","11,81","12,20","11,73","1,80M","2,28%"
"10.12.2024","11,85","12,03","12,30","11,73","1,86M","-1,50%"
"09.12.2024","12,03","12,15","12,35","12,03","3,77M","-0,50%"
"06.12.2024","12,09","11,96","12,16","11,75","2,95M","1,77%"
"05.12.2024","11,88","12,08","12,21","11,88","2,43M","-1,08%"
"04.12.2024","12,01","11,76","12,15","11,54","5,19M","2,39%"
"03.12.2024","11,73","12,13","12,24","11,72","4,41M","-2,57%"
"02.12.2024","12,04","12,24","12,34","11,64","7,80M","-3,68%"
"29.11.2024","12,50","13,01","13,15","12,34","6,18M","-1,34%"
"28.11.2024","12,67","13,19","13,23","12,59","1,88M","-3,94%"
"27.11.2024","13,19","13,53","13,54","13,16","5,36M","-1,49%"
"26.11.2024","13,39","13,59","13,97","13,39","2,21M","-1,83%"
"25.11.2024","13,64","13,60","13,64","13,12","2,16M","1,49%"
"22.11.2024","13,44","12,93","13,59","12,87","3,62M","4,67%"
"21.11.2024","12,84","12,95","13,09","12,77","2,53M","0,16%"
"19.11.2024","12,82","13,21","13,29","12,69","3,77M","-1,38%"
"18.11.2024","13,00","13,65","13,72","12,90","9,18M","-9,72%"
"14.11.2024","14,40","14,17","14,63","13,44","18,06M","-6,49%"
"13.11.2024","15,40","15,34","15,40","15,08","3,43M","1,45%"
"12.11.2024","15,18","15,21","15,80","15,02","4,10M","-0,13%"
"11.11.2024","15,20","14,82","15,34","14,60","4,12M","5,12%"
"08.11.2024","14,46","14,45","14,72","14,31","3,46M","0,42%"
"07.11.2024","14,40","14,26","14,43","14,05","2,48M","1,98%"
"06.11.2024","14,12","14,15","14,43","13,73","3,80M","0,36%"
"05.11.2024","14,07","13,94","14,07","13,82","950,68K","1,81%"
"04.11.2024","13,82","13,93","14,03","13,71","3,66M","-0,79%"
"01.11.2024","13,93","14,53","14,59","13,91","5,47M","-3,60%"
"31.10.2024","14,45","14,89","14,94","14,45","2,01M","-3,41%"
"30.10.2024","14,96","15,06","15,17","14,63","4,02M","-0,27%"
"29.10.2024","15,00","14,70","15,23","14,63","5,78M","2,74%"
"28.10.2024","14,60","14,09","14,77","14,09","6,58M","3,55%"
"25.10.2024","14,10","14,20","14,29","13,89","2,10M","0,00%"
"24.10.2024","14,10","14,03","14,22","13,98","1,96M","1,37%"
"23.10.2024","13,91","13,64","14,40","13,64","3,75M","1,53%"
"22.10.2024","13,70","13,65","13,77","13,51","1,20M","0,00%"
"21.10.2024","13,70","13,66","13,87","13,60","1,55M","1,03%"
"18.10.2024","13,56","13,37","13,66","13,37","1,99M","2,03%"
"17.10.2024","13,29","13,30","13,55","13,23","1,46M","0,76%"
"16.10.2024","13,19","13,40","13,49","13,15","3,67M","-0,90%"
"15.10.2024","13,31","13,70","13,80","13,18","3,16M","-1,70%"
"14.10.2024","13,54","13,00","13,62","12,98","4,40M","6,03%"
"11.10.2024","12,77","12,50","12,84","12,50","1,56M","2,98%"
"10.10.2024","12,40","12,31","12,55","12,18","1,68M","0,40%"
"09.10.2024","12,35","12,40","12,56","12,16","1,75M","-0,40%"
"08.10.2024","12,40","12,08","12,43","11,95","1,85M","3,33%"
"07.10.2024","12,00","11,98","12,02","11,78","1,10M","0,08%"
"04.10.2024","11,99","12,00","12,20","11,79","1,93M","1,18%"
"03.10.2024","11,85","11,93","11,95","11,71","1,51M","-0,25%"
"02.10.2024","11,88","12,25","12,36","11,88","2,78M","-2,94%"
"01.10.2024","12,24","12,35","12,39","12,12","2,61M","-0,97%"
"30.09.2024","12,36","12,51","12,52","12,28","2,06M","-1,12%"
"27.09.2024","12,50","12,53","12,72","12,31","4,87M","0,81%"
"26.09.2024","12,40","13,53","13,53","12,40","4,61M","-7,81%"
"25.09.2024","13,45","13,35","13,68","13,29","2,27M","0,37%"
"24.09.2024","13,40","13,46","13,56","13,30","1,62M","-0,52%"
"23.09.2024","13,47","13,44","13,77","13,34","2,19M","1,97%"
"20.09.2024","13,21","13,36","13,55","13,17","1,90M","-0,90%"
"19.09.2024","13,33","13,61","13,65","13,22","2,93M","-0,89%"
"18.09.2024","13,45","13,79","13,82","13,40","2,15M","-2,39%"
"17.09.2024","13,78","13,63","13,86","13,56","2,08M","1,77%"
"16.09.2024","13,54","13,65","13,75","13,48","1,20M","-0,29%"
"13.09.2024","13,58","13,65","13,65","13,34","1,65M","0,22%"
"12.09.2024","13,55","13,41","13,62","13,31","2,30M","0,67%"
"11.09.2024","13,46","12,83","13,50","12,82","3,50M","4,99%"
"10.09.2024","12,82","12,78","12,99","12,76","931,78K","-0,16%"
"09.09.2024","12,84","12,90","13,13","12,69","1,77M","1,50%"
"06.09.2024","12,65","13,26","13,30","12,40","4,06M","-4,82%"
"05.09.2024","13,29","13,30","13,30","13,07","2,44M","-0,23%"
"04.09.2024","13,32","13,89","13,96","13,32","2,99M","-4,03%"
"03.09.2024","13,88","13,71","14,17","13,65","6,76M","1,31%"
"02.09.2024","13,70","13,89","13,89","13,52","1,96M","-1,44%"
"30.08.2024","13,90","13,38","13,94","13,38","23,82M","4,98%"
"29.08.2024","13,24","13,13","13,59","13,09","3,36M","1,69%"
"28.08.2024","13,02","13,41","13,56","13,00","2,24M","-3,20%"
"27.08.2024","13,45","13,21","13,48","13,06","2,03M","1,36%"
"26.08.2024","13,27","13,09","13,53","13,05","2,87M","0,84%"
"23.08.2024","13,16","13,33","13,36","12,99","2,28M","-0,60%"
"22.08.2024","13,24","13,20","13,48","13,10","5,09M","1,38%"
"21.08.2024","13,06","13,06","13,26","12,96","1,77M","-0,53%"
"20.08.2024","13,13","13,05","13,17","12,97","1,95M","1,23%"
"19.08.2024","12,97","12,81","12,97","12,69","2,12M","1,25%"
"16.08.2024","12,81","12,47","12,96","12,34","5,59M","1,67%"
"15.08.2024","12,60","12,18","12,70","12,17","5,66M","4,56%"
"14.08.2024","12,05","11,50","12,18","11,22","19,47M","-1,63%"
"13.08.2024","12,25","11,50","12,25","11,43","7,46M","7,64%"
"12.08.2024","11,38","11,42","11,53","11,28","2,22M","0,62%"
"09.08.2024","11,31","10,88","11,34","10,78","1,71M","2,63%"
"08.08.2024","11,02","10,45","11,11","10,42","4,10M","6,58%"
"07.08.2024","10,34","10,54","10,65","10,34","4,77M","-1,05%"
"06.08.2024","10,45","10,30","10,55","10,18","5,14M","2,45%"
"05.08.2024","10,20","9,44","10,41","9,29","7,94M","-1,35%"
"02.08.2024","10,34","10,63","10,65","10,19","5,81M","-5,05%"
"01.08.2024","10,89","11,31","11,32","10,83","3,70M","-4,31%"
"31.07.2024","11,38","11,38","11,48","11,27","1,80M","1,70%"
"30.07.2024","11,19","11,39","11,52","11,19","1,40M","-1,67%"
"29.07.2024","11,38","11,68","11,83","11,38","1,47M","-2,40%"
"26.07.2024","11,66","11,64","12,04","11,63","1,90M","0,43%"
"25.07.2024","11,61","11,75","11,78","11,48","1,62M","-1,19%"
"24.07.2024","11,75","11,89","11,95","11,74","1,67M","-1,18%"
"23.07.2024","11,89","11,93","12,12","11,78","2,59M","-0,17%"
"22.07.2024","11,91","12,05","12,23","11,59","4,81M","-4,57%"
"19.07.2024","12,48","12,04","12,50","12,03","1,70M","3,14%"
"18.07.2024","12,10","12,13","12,24","11,84","4,86M","0,25%"
"17.07.2024","12,07","12,21","12,21","11,82","3,16M","-1,31%"
"16.07.2024","12,23","12,05","12,29","11,98","2,40M","1,92%"
"15.07.2024","12,00","12,17","12,31","12,00","1,46M","-0,25%"
"12.07.2024","12,03","11,94","12,27","11,93","3,42M","0,42%"
"11.07.2024","11,98","11,80","11,98","11,72","2,17M","2,13%"
"10.07.2024","11,73","11,80","12,03","11,73","1,33M","-0,85%"
"09.07.2024","11,83","11,65","11,94","11,48","1,58M","1,55%"
"08.07.2024","11,65","11,66","11,71","11,47","1,47M","0,17%"
"05.07.2024","11,63","11,36","11,63","11,32","1,96M","3,47%"
"04.07.2024","11,24","11,44","11,65","11,16","1,72M","-2,35%"
"03.07.2024","11,51","11,60","11,62","11,34","1,40M","-0,95%"
"02.07.2024","11,62","11,57","11,67","11,36","1,79M","0,61%"
"01.07.2024","11,55","11,99","12,02","11,23","5,30M","-3,35%"
"28.06.2024","11,95","11,88","12,00","11,67","2,62M","1,27%"
"27.06.2024","11,80","11,63","11,89","11,50","2,90M","1,64%"
"26.06.2024","11,61","11,42","11,70","11,33","2,91M","3,02%"
"25.06.2024","11,27","10,70","11,31","10,66","4,85M","7,13%"
"24.06.2024","10,52","11,08","11,59","10,35","7,50M","-5,14%"
"21.06.2024","11,09","10,78","11,09","10,74","2,54M","1,65%"
"20.06.2024","10,91","10,42","10,92","10,42","8,15M","4,70%"
"19.06.2024","10,42","10,45","10,55","10,38","830,69K","-1,33%"
"18.06.2024","10,56","10,64","10,81","10,51","2,24M","-0,75%"
"17.06.2024","10,64","10,45","10,73","10,42","2,65M","2,01%"
"14.06.2024","10,43","10,30","10,49","10,25","2,17M","0,97%"
"13.06.2024","10,33","10,33","10,60","10,25","3,09M","-0,39%"
"12.06.2024","10,37","10,42","10,57","10,25","3,47M","0,48%"
"11.06.2024","10,32","10,48","10,50","10,16","1,78M","-1,90%"
"10.06.2024","10,52","10,53","10,59","10,34","2,03M","0,38%"
"07.06.2024","10,48","10,45","10,67","10,40","4,24M","-0,19%"
"06.06.2024","10,50","10,31","10,55","10,26","1,66M","1,84%"
"05.06.2024","10,31","10,04","10,32","10,04","2,90M","3,10%"
"04.06.2024","10,00","10,17","10,23","9,84","4,65M","-1,67%"
"03.06.2024","10,17","10,33","10,44","10,05","7,03M","-1,26%"
"31.05.2024","10,30","10,45","10,66","10,16","2,77M","1,98%"
"29.05.2024","10,10","10,42","10,44","10,10","1,49M","-3,35%"
"28.05.2024","10,45","10,11","10,45","9,99","3,66M","2,75%"
"27.05.2024","10,17","10,02","10,29","10,01","795,02K","1,50%"
"25.05.2024","10,02","10,02","10,02","10,02","","-0,30%"
"24.05.2024","10,05","9,89","10,18","9,81","1,61M","1,41%"
"23.05.2024","9,91","10,04","10,15","9,85","2,35M","-0,90%"
"22.05.2024","10,00","10,37","10,38","9,93","8,79M","-1,86%"
"21.05.2024","10,19","9,88","10,22","9,77","5,08M","2,72%"
"20.05.2024","9,92","9,93","9,97","9,75","2,97M","0,10%"
"17.05.2024","9,91","10,04","10,12","9,79","10,41M","-1,00%"
"16.05.2024","10,01","10,30","10,35","9,99","1,76M","-3,00%"
"15.05.2024","10,32","10,12","10,69","9,98","10,43M","7,61%"
"14.05.2024","9,59","9,70","9,83","9,55","3,26M","-1,24%"
"13.05.2024","9,71","10,08","10,09","9,67","3,10M","-3,67%"
"10.05.2024","10,08","10,10","10,17","10,02","1,90M","0,30%"
"09.05.2024","10,05","10,21","10,24","10,00","2,28M","-0,59%"
"08.05.2024","10,11","10,03","10,20","10,00","3,98M","0,40%"
"07.05.2024","10,07","10,10","10,12","9,99","1,84M","-0,49%"
"06.05.2024","10,12","9,89","10,12","9,88","2,59M","3,05%"
"03.05.2024","9,82","9,32","9,90","9,31","3,91M","5,82%"
"02.05.2024","9,28","9,41","9,50","9,23","2,24M","-1,17%"
"30.04.2024","9,39","9,36","9,52","9,30","2,20M","0,43%"
"29.04.2024","9,35","9,38","9,47","9,24","1,34M","-0,32%"
"26.04.2024","9,38","9,36","9,47","9,26","4,85M","0,11%"
"25.04.2024","9,37","9,14","9,40","8,95","3,37M","2,07%"
"24.04.2024","9,18","9,43","9,49","9,02","2,37M","-2,24%"
"23.04.2024","9,39","9,11","9,39","9,03","1,74M","3,19%"
"22.04.2024","9,10","9,07","9,29","9,04","3,22M","1,00%"
"19.04.2024","9,01","9,35","9,35","8,98","5,65M","-3,43%"
"18.04.2024","9,33","9,35","9,53","9,26","1,85M","-1,37%"
"17.04.2024","9,46","9,50","9,56","9,37","1,89M","-0,42%"
"16.04.2024","9,50","9,42","9,59","9,38","3,26M","0,00%"
"15.04.2024","9,50","9,62","9,79","9,41","2,16M","-1,25%"
"12.04.2024","9,62","9,87","9,87","9,54","3,85M","-2,63%"
"11.04.2024","9,88","9,70","9,88","9,67","1,66M","1,33%"
"10.04.2024","9,75","9,84","9,89","9,53","2,97M","-1,52%"
"09.04.2024","9,90","10,02","10,05","9,77","1,84M","-1,20%"
"08.04.2024","10,02","10,17","10,21","10,01","1,35M","-1,18%"
"05.04.2024","10,14","9,90","10,18","9,85","6,15M","2,74%"
"04.04.2024","9,87","9,96","10,10","9,87","2,60M","-0,70%"
"03.04.2024","9,94","9,94","10,09","9,88","1,43M","-0,10%"
"02.04.2024","9,95","9,76","9,95","9,66","2,31M","0,61%"
"01.04.2024","9,89","9,96","10,03","9,83","3,31M","-0,50%"
"28.03.2024","9,94","9,92","9,98","9,75","2,75M","0,40%"
"27.03.2024","9,90","10,14","10,19","9,68","5,07M","-2,27%"
"26.03.2024","10,13","10,08","10,15","10,03","3,53M","0,50%"
"25.03.2024","10,08","10,19","10,20","10,03","2,95M","-0,49%"
"23.03.2024","10,13","10,13","10,13","10,13","","-0,59%"
"22.03.2024","10,19","10,18","10,19","10,03","1,78M","0,69%"
"21.03.2024","10,12","10,18","10,24","10,07","2,15M","0,20%"
"20.03.2024","10,10","9,91","10,10","9,80","5,19M","1,51%"
"19.03.2024","9,95","9,78","9,95","9,66","4,54M","1,43%"
"18.03.2024","9,81","9,70","9,83","9,66","3,74M","1,87%"
"15.03.2024","9,63","9,64","9,64","9,50","2,40M","0,10%"
"14.03.2024","9,62","9,59","9,67","9,54","2,67M","0,73%"
"13.03.2024","9,55","9,42","9,66","9,40","2,09M","1,81%"
"12.03.2024","9,38","9,58","9,58","9,27","5,07M","-2,29%"
"11.03.2024","9,60","9,19","9,60","9,18","4,82M","4,92%"
"08.03.2024","9,15","9,51","9,65","9,12","3,41M","-3,58%"
"07.03.2024","9,49","9,25","9,49","9,22","7,00M","3,26%"
"06.03.2024","9,19","9,14","9,27","9,05","2,40M","0,77%"
"05.03.2024","9,12","9,11","9,16","8,96","9,76M","-0,76%"
"04.03.2024","9,19","9,30","9,34","8,96","5,34M","-1,18%"
"01.03.2024","9,30","9,17","9,35","9,10","8,01M","1,20%"
"29.02.2024","9,19","9,10","9,25","9,05","1,58M","0,99%"
"28.02.2024","9,10","9,19","9,30","9,01","5,80M","-0,98%"
"27.02.2024","9,19","8,89","9,23","8,89","2,50M","4,43%"
"26.02.2024","8,80","8,47","9,00","8,47","5,00M","2,33%"
"23.02.2024","8,60","8,37","8,69","8,07","16,62M","5,52%"
"22.02.2024","8,15","8,42","8,63","8,15","4,95M","-1,93%"
"21.02.2024","8,31","8,36","8,40","8,18","10,39M","-1,07%"
"20.02.2024","8,40","8,45","8,54","8,26","9,13M","-0,59%"
"19.02.2024","8,45","8,53","8,59","8,43","827,57K","-1,74%"
"16.02.2024","8,60","8,69","8,72","8,46","2,69M","-1,04%"
"15.02.2024","8,69","8,61","8,75","8,28","2,99M","1,64%"
"14.02.2024","8,55","8,50","8,61","8,50","2,67M","3,64%"
"09.02.2024","8,25","8,04","8,25","8,02","2,81M","2,61%"
"08.02.2024","8,04","7,95","8,06","7,85","2,70M","1,01%"
"07.02.2024","7,96","7,74","7,96","7,74","2,52M","2,31%"
"06.02.2024","7,78","7,69","7,84","7,64","2,78M","1,17%"
"05.02.2024","7,69","7,71","7,84","7,61","2,29M","-1,16%"
"02.02.2024","7,78","7,35","7,80","7,35","4,83M","5,42%"
"01.02.2024","7,38","7,25","7,44","7,17","4,71M","3,94%"
"31.01.2024","7,10","7,27","7,38","7,08","8,09M","-1,53%"
"30.01.2024","7,21","7,69","7,69","7,05","12,43M","-6,36%"
"29.01.2024","7,70","7,85","7,87","7,70","15,99M","-1,91%"
"26.01.2024","7,85","7,69","7,85","7,66","2,35M","1,55%"
"25.01.2024","7,73","7,55","7,73","7,49","2,75M","1,98%"
"24.01.2024","7,58","7,48","7,58","7,45","3,63M","1,47%"
"23.01.2024","7,47","7,56","7,56","7,45","4,09M","0,00%"
"22.01.2024","7,47","7,65","7,73","7,44","3,32M","-2,10%"
"19.01.2024","7,63","7,54","7,63","7,10","4,36M","1,46%"
"18.01.2024","7,52","7,58","7,66","7,39","2,81M","-0,53%"
"17.01.2024","7,56","7,58","7,64","7,44","2,90M","-1,18%"
"16.01.2024","7,65","7,73","7,80","7,46","5,45M","-1,67%"
"15.01.2024","7,78","7,60","7,91","7,60","3,69M","2,77%"
"12.01.2024","7,57","7,43","7,57","7,38","2,98M","1,75%"
"11.01.2024","7,44","7,53","7,55","7,27","2,55M","-1,20%"
"10.01.2024","7,53","7,38","7,55","7,36","6,02M","2,45%"
"09.01.2024","7,35","7,23","7,40","7,17","3,05M","1,66%"
"08.01.2024","7,23","7,05","7,30","7,05","6,08M","2,26%"
"05.01.2024","7,07","6,80","7,07","6,77","5,17M","3,67%"
"04.01.2024","6,82","6,73","6,86","6,72","2,59M","1,34%"
"03.01.2024","6,73","6,69","6,78","6,68","3,83M","0,75%"
"02.01.2024","6,68","6,83","6,87","6,66","3,14M","-3,19%"
"28.12.2023","6,90","6,78","6,92","6,75","1,79M","1,77%"
"27.12.2023","6,78","6,73","6,84","6,73","1,31M","0,00%"
"26.12.2023","6,78","6,72","6,78","6,68","1,69M","0,74%"
"22.12.2023","6,73","6,77","6,80","6,68","1,55M","-0,74%"
"21.12.2023","6,78","6,74","6,82","6,66","4,02M","0,89%"
"20.12.2023","6,72","6,95","6,99","6,72","12,16M","-3,72%"
"19.12.2023","6,98","6,88","6,98","6,87","8,02M","1,45%"
"18.12.2023","6,88","6,99","7,02","6,85","3,34M","-1,71%"
"15.12.2023","7,00","7,00","7,10","6,86","3,98M","0,86%"
"14.12.2023","6,94","7,07","7,18","6,94","5,51M","-2,25%"
"13.12.2023","7,10","6,84","7,10","6,84","7,71M","3,35%"
"12.12.2023","6,87","6,80","6,87","6,79","2,75M","0,73%"
"11.12.2023","6,82","6,82","6,92","6,79","2,94M","-0,29%"
"08.12.2023","6,84","6,71","6,88","6,70","1,90M","1,94%"
"07.12.2023","6,71","6,77","6,81","6,69","2,04M","-1,18%"
"06.12.2023","6,79","6,82","6,84","6,75","5,53M","-0,73%"
"05.12.2023","6,84","6,83","6,90","6,78","4,39M","0,44%"
"04.12.2023","6,81","6,81","6,87","6,77","2,32M","-0,87%"
"01.12.2023","6,87","6,77","6,87","6,72","5,48M","-0,15%"
"30.11.2023","6,88","6,80","6,95","6,69","3,69M","1,62%"
"29.11.2023","6,77","6,68","6,89","6,68","4,23M","1,35%"
"28.11.2023","6,68","6,75","6,82","6,59","4,30M","-1,18%"
"27.11.2023","6,76","6,78","6,85","6,72","2,25M","-1,02%"
"24.11.2023","6,83","6,63","6,92","6,63","2,36M","3,02%"
"23.11.2023","6,63","6,68","6,74","6,63","422,08K","-0,75%"
"22.11.2023","6,68","6,75","6,82","6,65","1,48M","-1,47%"
"21.11.2023","6,78","6,63","6,79","6,62","2,82M","3,04%"
"20.11.2023","6,58","6,70","6,78","6,58","7,40M","-1,79%"
"17.11.2023","6,70","6,54","6,73","6,47","11,81M","4,52%"
"16.11.2023","6,41","6,85","6,86","6,32","16,47M","-12,31%"
"14.11.2023","7,31","7,05","7,31","6,98","2,75M","3,54%"
"13.11.2023","7,06","7,10","7,20","6,94","5,42M","-0,56%"
"10.11.2023","7,10","6,92","7,11","6,86","10,81M","2,60%"
"09.11.2023","6,92","6,90","6,97","6,84","1,33M","0,58%"
"08.11.2023","6,88","7,02","7,04","6,75","2,30M","-0,86%"
"07.11.2023","6,94","6,83","6,99","6,80","2,60M","1,61%"
"06.11.2023","6,83","7,13","7,19","6,82","2,54M","-2,57%"
"03.11.2023","7,01","6,85","7,08","6,84","2,79M","1,30%"
"01.11.2023","6,92","6,99","7,07","6,92","2,29M","-0,57%"
"31.10.2023","6,96","6,89","6,96","6,76","1,57M","1,02%"
"30.10.2023","6,89","6,78","6,91","6,74","1,48M","3,14%"
"27.10.2023","6,68","6,74","6,82","6,63","3,63M","-0,30%"
"26.10.2023","6,70","6,79","6,79","6,51","4,79M","0,15%"
"25.10.2023","6,69","6,81","6,84","6,67","1,86M","-1,62%"
"24.10.2023","6,80","6,87","7,11","6,76","1,19M","-1,16%"
"23.10.2023","6,88","6,93","6,97","6,75","1,62M","0,15%"
"20.10.2023","6,87","7,01","7,03","6,80","1,78M","-1,72%"
"19.10.2023","6,99","6,70","7,03","6,70","12,88M","8,20%"
"18.10.2023","6,46","6,63","6,76","6,19","3,51M","-2,71%"
"17.10.2023","6,64","6,62","6,77","6,62","994,88K","-0,45%"
"16.10.2023","6,67","6,65","6,82","6,56","3,41M","0,15%"
"13.10.2023","6,66","6,69","6,73","6,60","1,25M","-1,33%"
"11.10.2023","6,75","6,51","6,75","6,49","5,36M","3,69%"
"10.10.2023","6,51","6,28","6,52","6,28","3,91M","3,50%"
"09.10.2023","6,29","6,35","6,38","6,27","1,52M","-1,72%"
"06.10.2023","6,40","6,17","6,49","6,13","998,21K","2,56%"
"05.10.2023","6,24","6,08","6,24","6,02","1,35M","1,96%"
"04.10.2023","6,12","5,96","6,12","5,96","1,23M","2,68%"
"03.10.2023","5,96","6,00","6,04","5,87","2,03M","-1,65%"
"02.10.2023","6,06","6,13","6,25","5,99","1,98M","-1,14%"
"29.09.2023","6,13","6,15","6,23","6,07","674,24K","-0,81%"
"28.09.2023","6,18","6,03","6,30","5,97","2,05M","1,31%"
"27.09.2023","6,10","5,74","6,12","5,74","9,62M","6,27%"
"26.09.2023","5,74","5,76","5,84","5,69","1,43M","-0,69%"
"25.09.2023","5,78","5,77","5,85","5,67","1,57M","0,87%"
"22.09.2023","5,73","5,71","5,84","5,69","2,55M","0,00%"
"21.09.2023","5,73","5,73","5,80","5,63","2,72M","-1,21%"
"20.09.2023","5,80","5,92","5,97","5,77","2,25M","-2,36%"
"19.09.2023","5,94","5,97","6,01","5,88","2,03M","-0,50%"
"18.09.2023","5,97","6,02","6,08","5,96","1,51M","-1,97%"
"15.09.2023","6,09","6,15","6,19","6,00","1,31M","-0,98%"
"14.09.2023","6,15","6,20","6,27","6,12","1,21M","-0,97%"
"13.09.2023","6,21","6,23","6,31","6,13","1,43M","-0,32%"
"12.09.2023","6,23","6,11","6,25","6,05","1,33M","1,96%"
"11.09.2023","6,11","5,85","6,18","5,76","6,57M","6,26%"
"09.09.2023","5,75","5,75","5,75","5,75","","1,41%"
"08.09.2023","5,67","5,73","5,75","5,59","882,16K","-1,39%"
"06.09.2023","5,75","5,76","5,83","5,70","1,17M","1,41%"
"05.09.2023","5,67","5,93","5,98","5,67","2,66M","-5,18%"
"04.09.2023","5,98","5,97","6,06","5,92","120,44K","0,17%"
"02.09.2023","5,97","5,97","5,97","5,97","","0,84%"
"01.09.2023","5,92","5,70","6,03","5,58","3,43M","4,04%"
"31.08.2023","5,69","5,74","5,84","5,48","2,53M","-1,22%"
"30.08.2023","5,76","5,63","5,80","5,59","1,80M","2,13%"
"29.08.2023","5,64","5,73","5,74","5,48","924,65K","-1,05%"
"28.08.2023","5,70","5,75","5,78","5,54","1,82M","-2,56%"
"25.08.2023","5,85","5,70","5,85","5,68","836,36K","1,56%"
"24.08.2023","5,76","5,92","5,98","5,76","879,44K","-2,87%"
"23.08.2023","5,93","6,10","6,10","5,89","1,79M","-2,79%"
"22.08.2023","6,10","6,05","6,15","5,97","1,71M","0,66%"
"21.08.2023","6,06","6,07","6,20","6,00","1,42M","-0,66%"
"18.08.2023","6,10","5,93","6,10","5,56","1,48M","1,50%"
"17.08.2023","6,01","6,43","6,44","5,79","2,44M","-5,35%"
"16.08.2023","6,35","6,77","6,80","6,26","5,87M","-1,55%"
"15.08.2023","6,45","6,75","6,80","6,41","1,65M","-2,57%"
"14.08.2023","6,62","6,38","6,83","6,30","422,97K","5,41%"
"11.08.2023","6,28","6,25","6,31","6,20","1,63M","0,48%"
"10.08.2023","6,25","6,32","6,46","6,24","2,84M","-2,04%"
"09.08.2023","6,38","6,41","6,47","6,26","2,26M","-1,24%"
"08.08.2023","6,46","6,20","6,50","6,20","1,93M","1,89%"
"07.08.2023","6,34","6,39","6,39","6,22","1,80M","-0,78%"
"04.08.2023","6,39","6,26","6,42","6,25","1,45M","0,95%"
"03.08.2023","6,33","6,25","6,41","6,24","1,73M","1,28%"
"02.08.2023","6,25","6,22","6,34","6,08","3,36M","-1,11%"
"01.08.2023","6,32","6,23","6,32","6,19","1,28M","0,48%"
"31.07.2023","6,29","6,19","6,37","6,19","1,03M","1,62%"
"28.07.2023","6,19","6,10","6,29","6,10","1,82M","0,65%"
"27.07.2023","6,15","6,20","6,21","6,06","1,36M","0,00%"
"26.07.2023","6,15","6,12","6,22","6,04","1,96M","0,65%"
"25.07.2023","6,11","6,13","6,29","6,11","2,51M","-0,65%"
"24.07.2023","6,15","6,20","6,28","6,09","1,88M","-2,23%"
"21.07.2023","6,29","6,04","6,29","6,04","2,74M","3,28%"
"20.07.2023","6,09","6,00","6,18","5,91","2,85M","1,00%"
"19.07.2023","6,03","6,10","6,14","6,03","1,97M","-1,15%"
"18.07.2023","6,10","6,21","6,32","6,05","2,82M","-2,24%"
"17.07.2023","6,24","6,17","6,38","6,15","1,44M","1,13%"
"14.07.2023","6,17","6,52","6,60","6,13","2,75M","-5,51%"
"13.07.2023","6,53","6,28","6,60","6,28","2,55M","3,98%"
"12.07.2023","6,28","6,36","6,38","6,28","838,57K","-0,79%"
"11.07.2023","6,33","6,34","6,40","6,27","1,36M","-1,09%"
"10.07.2023","6,40","6,27","6,40","6,26","1,11M","2,07%"
"07.07.2023","6,27","6,31","6,39","6,24","784,25K","-0,63%"
"06.07.2023","6,31","6,40","6,41","6,19","1,80M","-1,41%"
"05.07.2023","6,40","6,38","6,42","6,27","1,36M","0,00%"
"04.07.2023","6,40","6,30","6,41","6,30","296,95K","1,43%"
"03.07.2023","6,31","6,36","6,39","6,23","2,60M","-0,63%"
"30.06.2023","6,35","6,30","6,39","6,25","2,33M","1,93%"
"29.06.2023","6,23","6,27","6,39","6,20","2,57M","-0,80%"
"28.06.2023","6,28","6,10","6,42","6,10","3,31M","2,28%"
"27.06.2023","6,14","5,74","6,14","5,73","5,06M","6,78%"
"26.06.2023","5,75","5,95","5,99","5,68","6,56M","-3,52%"
"23.06.2023","5,96","5,89","6,11","5,80","4,24M","0,00%"
"22.06.2023","5,96","6,01","6,11","5,91","3,45M","-1,49%"
"21.06.2023","6,05","6,14","6,22","5,97","2,87M","-1,63%"
"20.06.2023","6,15","6,08","6,18","5,98","3,39M","0,00%"
"19.06.2023","6,15","5,97","6,22","5,93","1,30M","3,02%"
"16.06.2023","5,97","5,94","6,05","5,93","2,46M","0,84%"
"15.06.2023","5,92","5,84","5,98","5,77","3,70M","0,51%"
"14.06.2023","5,89","6,01","6,04","5,80","4,31M","-2,16%"
"13.06.2023","6,02","6,13","6,18","5,92","1,36M","-1,79%"
"12.06.2023","6,13","6,06","6,23","6,05","3,85M","1,49%"
"09.06.2023","6,04","6,00","6,12","5,87","3,54M","0,67%"
"07.06.2023","6,00","5,79","6,12","5,76","5,41M","3,81%"
"06.06.2023","5,78","5,59","5,80","5,58","3,34M","3,21%"
"05.06.2023","5,60","5,66","5,70","5,50","2,07M","-1,06%"
"02.06.2023","5,66","5,65","5,75","5,61","5,01M","0,53%"
"01.06.2023","5,63","5,65","5,71","5,52","2,53M","-1,23%"
"31.05.2023","5,70","5,58","5,71","5,53","1,65M","0,71%"
"30.05.2023","5,66","5,69","5,79","5,62","2,50M","0,18%"
"29.05.2023","5,65","5,60","5,65","5,57","376,73K","0,89%"
"26.05.2023","5,60","5,76","5,78","5,58","2,50M","-1,93%"
"25.05.2023","5,71","5,64","5,82","5,59","3,20M","2,51%"
"24.05.2023","5,57","5,60","5,63","5,43","1,77M","-0,54%"
"23.05.2023","5,60","5,45","5,81","5,40","3,45M","3,70%"
"22.05.2023","5,40","5,40","5,53","5,29","4,46M","0,56%"
"19.05.2023","5,37","5,30","5,44","5,26","3,37M","2,68%"
"18.05.2023","5,23","5,07","5,31","4,90","3,04M","2,95%"
"17.05.2023","5,08","5,05","5,09","4,76","5,51M","2,83%"
"16.05.2023","4,94","5,29","5,59","4,93","9,80M","-1,20%"
"15.05.2023","5,00","4,72","5,00","4,68","3,75M","5,93%"
"12.05.2023","4,72","4,80","4,87","4,71","1,04M","-1,87%"
"11.05.2023","4,81","4,86","4,90","4,81","1,41M","-0,82%"
"10.05.2023","4,85","4,75","4,90","4,75","3,20M","2,54%"
"09.05.2023","4,73","4,86","4,87","4,73","2,38M","-3,47%"
"08.05.2023","4,90","4,48","4,92","4,48","5,35M","9,38%"
"06.05.2023","4,48","4,48","4,48","4,48","","0,00%"
"05.05.2023","4,48","4,34","4,56","4,34","2,23M","3,46%"
"04.05.2023","4,33","4,20","4,38","4,20","1,57M","1,64%"
"03.05.2023","4,26","4,28","4,38","4,24","1,33M","-1,84%"
"02.05.2023","4,34","4,39","4,44","4,28","2,59M","2,12%"
"28.04.2023","4,25","4,18","4,28","4,10","1,40M","0,00%"
"27.04.2023","4,25","4,10","4,25","4,10","2,34M","4,94%"
"26.04.2023","4,05","4,10","4,19","4,05","682,24K","-0,74%"
"25.04.2023","4,08","4,00","4,17","4,00","1,83M","-0,24%"
"24.04.2023","4,09","4,09","4,17","4,06","1,73M","0,25%"
"20.04.2023","4,08","3,97","4,20","3,90","1,98M","1,75%"
"19.04.2023","4,01","3,96","4,08","3,94","1,97M","1,78%"
"18.04.2023","3,94","3,74","4,01","3,74","4,18M","5,63%"
"17.04.2023","3,73","3,77","3,83","3,67","2,99M","-1,06%"
"14.04.2023","3,77","3,81","3,89","3,73","1,89M","-1,82%"
"13.04.2023","3,84","3,64","3,89","3,59","4,27M","6,67%"
"12.04.2023","3,60","3,77","3,80","3,59","4,09M","-4,51%"
"11.04.2023","3,77","3,74","3,83","3,74","2,25M","1,07%"
"10.04.2023","3,73","3,71","3,80","3,68","2,52M","-0,80%"
"06.04.2023","3,76","3,68","3,76","3,67","1,24M","2,17%"
"05.04.2023","3,68","3,80","3,81","3,66","2,93M","-2,13%"
"04.04.2023","3,76","3,78","3,86","3,76","1,63M","-0,53%"
"03.04.2023","3,78","3,93","3,94","3,66","5,74M","-6,20%"
"31.03.2023","4,03","4,06","4,13","3,97","2,40M","-1,71%"
"30.03.2023","4,10","3,86","4,21","3,86","3,23M","7,33%"
"29.03.2023","3,82","3,71","3,90","3,71","2,03M","4,09%"
"28.03.2023","3,67","3,72","3,79","3,66","2,66M","-2,13%"
"27.03.2023","3,75","3,63","3,83","3,63","2,98M","4,17%"
"24.03.2023","3,60","3,76","3,76","3,59","2,53M","-4,51%"
"23.03.2023","3,77","3,81","3,90","3,70","1,63M","1,34%"
"22.03.2023","3,72","3,86","3,92","3,72","2,16M","-3,38%"
"21.03.2023","3,85","3,85","3,93","3,84","1,04M","0,79%"
"20.03.2023","3,82","4,01","4,08","3,82","3,02M","-5,68%"
"17.03.2023","4,05","3,97","4,11","3,95","2,59M","2,02%"
"16.03.2023","3,97","3,84","4,02","3,83","1,93M","2,06%"
"15.03.2023","3,89","3,81","3,93","3,74","3,05M","0,52%"
"14.03.2023","3,87","3,97","4,09","3,81","2,94M","-1,78%"
"13.03.2023","3,94","3,69","4,05","3,62","5,77M","2,34%"
"10.03.2023","3,85","4,02","4,10","3,84","2,86M","-4,23%"
"09.03.2023","4,02","4,16","4,21","4,01","7,10M","-5,19%"
"08.03.2023","4,24","4,14","4,30","4,08","2,62M","2,42%"
"07.03.2023","4,14","4,19","4,23","4,03","3,43M","-1,19%"
"06.03.2023","4,19","4,01","4,26","4,00","2,18M","4,49%"
"03.03.2023","4,01","4,02","4,09","3,92","3,74M","-0,25%"
"02.03.2023","4,02","4,18","4,20","4,02","4,95M","-4,29%"
"01.03.2023","4,20","4,32","4,36","3,99","4,52M","-3,89%"
"28.02.2023","4,37","4,27","4,44","4,27","5,21M","3,80%"
"27.02.2023","4,21","4,22","4,36","4,20","1,30M","-0,24%"
"24.02.2023","4,22","4,13","4,41","4,09","2,46M","2,18%"
"23.02.2023","4,13","4,16","4,20","4,08","1,74M","0,00%"
"22.02.2023","4,13","4,20","4,20","4,07","2,56M","-2,36%"
"17.02.2023","4,23","4,53","4,53","4,22","5,19M","-8,44%"
"16.02.2023","4,62","4,46","4,77","4,23","7,91M","3,59%"
"15.02.2023","4,46","4,68","4,74","4,33","13,32M","3,72%"
"14.02.2023","4,30","4,21","4,37","4,14","2,48M","2,63%"
"13.02.2023","4,19","4,09","4,28","4,05","2,44M","2,20%"
"10.02.2023","4,10","4,16","4,20","4,01","2,21M","-2,84%"
"09.02.2023","4,22","4,33","4,40","4,17","1,78M","-0,94%"
"08.02.2023","4,26","4,23","4,36","4,18","2,33M","0,00%"
"07.02.2023","4,26","4,20","4,26","4,12","3,20M","1,43%"
"06.02.2023","4,20","4,12","4,26","4,07","2,53M","0,96%"
"03.02.2023","4,16","4,13","4,24","3,99","3,15M","0,73%"
"02.02.2023","4,13","3,99","4,20","3,98","3,64M","4,03%"
"01.02.2023","3,97","3,87","4,03","3,80","4,69M","2,85%"
"31.01.2023","3,86","3,74","3,98","3,70","3,64M","3,76%"
"30.01.2023","3,72","3,63","3,74","3,59","1,77M","1,36%"
"27.01.2023","3,67","3,53","3,73","3,52","2,54M","3,97%"
"26.01.2023","3,53","3,48","3,77","3,47","5,38M","2,62%"
"25.01.2023","3,44","3,38","3,47","3,28","2,64M","1,18%"
"24.01.2023","3,40","3,32","3,47","3,31","1,53M","2,41%"
"23.01.2023","3,32","3,29","3,41","3,26","2,13M","0,61%"
"20.01.2023","3,30","3,09","3,31","3,09","2,94M","6,80%"
"19.01.2023","3,09","3,10","3,14","3,07","1,49M","-0,96%"
"18.01.2023","3,12","3,10","3,18","3,04","4,04M","0,65%"
"17.01.2023","3,10","3,06","3,16","3,06","2,45M","1,97%"
"16.01.2023","3,04","3,08","3,10","3,03","1,68M","-2,25%"
"13.01.2023","3,11","3,09","3,13","3,03","3,08M","0,97%"
"12.01.2023","3,08","3,15","3,17","3,06","3,70M","-2,22%"
"11.01.2023","3,15","3,16","3,20","3,07","3,48M","0,00%"
"10.01.2023","3,15","3,21","3,22","3,06","6,16M","-1,87%"
"09.01.2023","3,21","3,05","3,29","3,05","3,62M","5,25%"
"06.01.2023","3,05","3,09","3,16","2,97","5,74M","-1,29%"
"05.01.2023","3,09","3,18","3,19","3,06","3,80M","-1,28%"
"04.01.2023","3,13","3,23","3,29","3,13","2,30M","-1,57%"
"03.01.2023","3,18","3,45","3,55","3,17","8,33M","-6,19%"
"02.01.2023","3,39","3,51","3,53","3,39","1,62M","-3,42%"
"29.12.2022","3,51","3,36","3,51","3,34","2,62M","3,24%"
"28.12.2022","3,40","3,35","3,41","3,31","1,87M","1,49%"
"27.12.2022","3,35","3,33","3,38","3,29","5,61M","1,82%"
"26.12.2022","3,29","3,30","3,34","3,26","787,93K","-1,79%"
"23.12.2022","3,35","3,30","3,35","3,23","3,36M","0,90%"
"22.12.2022","3,32","3,32","3,34","3,21","3,21M","-0,90%"
"21.12.2022","3,35","3,35","3,36","3,26","3,96M","0,60%"
"20.12.2022","3,33","3,35","3,40","3,30","5,48M","0,60%"
"19.12.2022","3,31","3,39","3,45","3,31","3,19M","-2,36%"
"16.12.2022","3,39","3,30","3,42","3,27","2,39M","2,73%"
"15.12.2022","3,30","3,34","3,41","3,28","1,69M","-1,20%"
"14.12.2022","3,34","3,46","3,47","3,32","2,45M","-2,05%"
"13.12.2022","3,41","3,52","3,67","3,39","4,68M","-3,12%"
"12.12.2022","3,52","3,38","3,55","3,38","3,41M","4,14%"
"09.12.2022","3,38","3,55","3,60","3,38","2,17M","-4,52%"
"08.12.2022","3,54","3,47","3,60","3,46","4,75M","4,12%"
"07.12.2022","3,40","3,50","3,52","3,39","3,45M","-2,86%"
"06.12.2022","3,50","3,62","3,62","3,48","2,87M","-1,96%"
"05.12.2022","3,57","3,81","3,82","3,57","3,44M","-6,30%"
"02.12.2022","3,81","3,72","3,86","3,63","4,30M","2,97%"
"01.12.2022","3,70","3,79","3,82","3,64","2,50M","-2,12%"
"30.11.2022","3,78","3,78","3,86","3,60","6,18M","1,07%"
"29.11.2022","3,74","3,84","3,84","3,70","2,11M","-0,80%"
"28.11.2022","3,77","3,87","3,99","3,76","3,14M","-3,83%"
"25.11.2022","3,92","3,93","4,02","3,86","2,40M","0,77%"
"24.11.2022","3,89","3,90","3,94","3,87","446,91K","0,00%"
"23.11.2022","3,89","3,74","3,95","3,69","5,61M","5,14%"
"22.11.2022","3,70","3,77","3,80","3,68","3,45M","-1,60%"
"21.11.2022","3,76","3,87","3,88","3,72","4,19M","-2,34%"
"18.11.2022","3,85","4,01","4,04","3,79","6,32M","-2,53%"
"17.11.2022","3,95","4,22","4,25","3,87","9,21M","-6,18%"
"16.11.2022","4,21","4,28","4,37","4,15","12,16M","9,64%"
"14.11.2022","3,84","4,02","4,05","3,77","4,50M","-2,78%"
"11.11.2022","3,95","4,00","4,11","3,81","6,59M","-3,42%"
"10.11.2022","4,09","4,02","4,36","3,90","8,91M","0,74%"
"09.11.2022","4,06","4,39","4,41","3,98","8,77M","-7,09%"
"08.11.2022","4,37","4,13","4,49","4,08","7,94M","6,59%"
"07.11.2022","4,10","4,10","4,14","4,05","2,82M","0,99%"
"04.11.2022","4,06","4,19","4,25","3,99","5,85M","-2,87%"
"03.11.2022","4,18","4,16","4,30","4,04","5,97M","-3,02%"
"01.11.2022","4,31","4,30","4,46","4,26","4,90M","0,23%"
"31.10.2022","4,30","3,94","4,36","3,94","9,59M","7,50%"
"28.10.2022","4,00","3,84","4,07","3,84","5,38M","3,36%"
"27.10.2022","3,87","3,92","3,97","3,81","5,02M","-1,28%"
"26.10.2022","3,92","3,95","4,14","3,84","6,14M","-2,49%"
"25.10.2022","4,02","3,77","4,10","3,76","8,27M","7,49%"
"24.10.2022","3,74","3,84","3,89","3,65","7,64M","-3,11%"
"21.10.2022","3,86","3,72","3,86","3,60","7,67M","2,93%"
"20.10.2022","3,75","3,71","3,86","3,71","4,29M","-0,27%"
"19.10.2022","3,76","3,79","3,87","3,66","5,21M","-0,79%"
"18.10.2022","3,79","3,88","3,97","3,75","4,55M","-0,79%"
"17.10.2022","3,82","3,69","3,86","3,63","5,76M","5,23%"
"14.10.2022","3,63","3,65","3,80","3,55","5,01M","0,55%"
"13.10.2022","3,61","3,53","3,69","3,37","8,18M","2,27%"
"11.10.2022","3,53","3,69","3,70","3,49","8,18M","-3,55%"
"10.10.2022","3,66","3,82","3,86","3,57","6,80M","-3,94%"
"07.10.2022","3,81","4,07","4,11","3,77","9,50M","-6,39%"
"06.10.2022","4,07","4,30","4,37","4,07","9,22M","-5,79%"
"05.10.2022","4,32","4,11","4,35","4,10","4,07M","3,35%"
"04.10.2022","4,18","4,12","4,22","3,99","9,01M","2,96%"
"03.10.2022","4,06","4,06","4,11","3,94","6,73M","2,78%"
"30.09.2022","3,95","4,00","4,11","3,88","5,43M","0,25%"
"29.09.2022","3,94","4,13","4,20","3,93","4,82M","-6,86%"
"28.09.2022","4,23","4,04","4,28","3,97","7,25M","3,68%"
"27.09.2022","4,08","4,09","4,28","3,96","5,18M","1,24%"
"26.09.2022","4,03","4,03","4,24","3,99","6,07M","-1,23%"
"23.09.2022","4,08","4,15","4,20","4,01","6,46M","-3,09%"
"22.09.2022","4,21","4,48","4,55","4,17","8,98M","-6,44%"
"21.09.2022","4,50","4,43","4,59","4,33","6,41M","1,35%"
"20.09.2022","4,44","4,53","4,58","4,40","4,35M","-2,63%"
"19.09.2022","4,56","4,45","4,61","4,34","9,86M","0,00%"
"16.09.2022","4,56","4,61","4,66","4,38","7,64M","-4,20%"
"15.09.2022","4,76","4,64","4,98","4,58","6,15M","3,48%"
"14.09.2022","4,60","4,49","4,64","4,46","3,01M","1,10%"
"13.09.2022","4,55","4,55","4,64","4,34","6,40M","-2,15%"
"12.09.2022","4,65","4,70","4,76","4,54","7,16M","1,09%"
"09.09.2022","4,60","4,45","4,61","4,38","6,59M","4,55%"
"08.09.2022","4,40","4,24","4,47","4,22","8,38M","7,06%"
"06.09.2022","4,11","4,30","4,34","4,11","6,58M","-4,42%"
"05.09.2022","4,30","4,20","4,30","4,20","1,06M","2,38%"
"02.09.2022","4,20","4,24","4,36","4,17","5,87M","-0,24%"
"01.09.2022","4,21","4,15","4,27","3,99","7,57M","0,72%"
"31.08.2022","4,18","4,16","4,26","4,14","4,55M","1,70%"
"30.08.2022","4,11","4,17","4,23","4,07","7,00M","-0,72%"
"29.08.2022","4,14","4,07","4,28","4,02","4,79M","0,00%"
"26.08.2022","4,14","4,27","4,34","4,12","8,04M","-2,59%"
"25.08.2022","4,25","4,26","4,33","4,13","8,42M","0,47%"
"24.08.2022","4,23","3,86","4,39","3,85","13,86M","9,87%"
"23.08.2022","3,85","3,88","4,00","3,77","11,38M","-0,26%"
"22.08.2022","3,86","3,90","3,97","3,81","5,60M","-3,26%"
"19.08.2022","3,99","4,18","4,33","3,98","7,40M","-7,21%"
"18.08.2022","4,30","4,34","4,35","4,04","10,54M","-1,83%"
"17.08.2022","4,38","4,65","4,68","4,29","14,75M","-7,01%"
"16.08.2022","4,71","4,36","4,99","4,29","31,55M","19,54%"
"15.08.2022","3,94","3,59","4,05","3,51","11,53M","9,75%"
"12.08.2022","3,59","3,58","3,60","3,43","10,51M","1,70%"
"11.08.2022","3,53","3,79","3,85","3,52","11,13M","-5,36%"
"10.08.2022","3,73","3,79","3,80","3,65","8,54M","3,61%"
"09.08.2022","3,60","3,94","3,94","3,55","12,44M","-9,55%"
"08.08.2022","3,98","3,89","4,20","3,83","6,92M","3,38%"
"05.08.2022","3,85","3,91","3,98","3,78","5,23M","-4,23%"
"04.08.2022","4,02","3,85","4,05","3,78","8,93M","4,42%"
"03.08.2022","3,85","3,64","3,88","3,54","5,71M","7,84%"
"02.08.2022","3,57","3,49","3,68","3,42","6,24M","2,29%"
"01.08.2022","3,49","3,60","3,68","3,45","5,83M","-3,06%"
"29.07.2022","3,60","3,69","3,69","3,51","5,32M","0,00%"
"28.07.2022","3,60","3,45","3,70","3,42","6,00M","2,56%"
"27.07.2022","3,51","3,43","3,52","3,33","7,34M","3,85%"
"26.07.2022","3,38","3,65","3,65","3,38","10,87M","-8,40%"
"25.07.2022","3,69","3,83","3,94","3,66","5,43M","-3,66%"
"22.07.2022","3,83","4,10","4,12","3,81","7,93M","-7,04%"
"21.07.2022","4,12","4,14","4,24","3,97","7,31M","-1,44%"
"20.07.2022","4,18","3,65","4,18","3,61","11,03M","14,52%"
"19.07.2022","3,65","3,55","3,66","3,50","6,91M","4,89%"
"18.07.2022","3,48","3,55","3,63","3,48","7,24M","2,65%"
"15.07.2022","3,39","3,50","3,56","3,37","10,42M","-0,88%"
"14.07.2022","3,42","3,56","3,61","3,42","6,86M","-4,47%"
"13.07.2022","3,58","3,52","3,69","3,43","5,30M","-0,56%"
"12.07.2022","3,60","3,37","3,65","3,37","7,81M","6,82%"
"11.07.2022","3,37","3,45","3,48","3,23","11,67M","-3,71%"
"08.07.2022","3,50","3,62","3,69","3,50","6,86M","-5,15%"
"07.07.2022","3,69","3,67","3,74","3,64","5,93M","1,37%"
"06.07.2022","3,64","3,67","3,87","3,57","13,68M","-1,89%"
"05.07.2022","3,71","3,41","3,74","3,34","10,75M","7,85%"
"04.07.2022","3,44","3,45","3,53","3,41","1,11M","-1,99%"
"01.07.2022","3,51","3,28","3,53","3,27","9,19M","7,67%"
"30.06.2022","3,26","3,31","3,38","3,15","9,29M","-3,26%"
"29.06.2022","3,37","3,40","3,46","3,30","8,54M","-0,30%"
"28.06.2022","3,38","3,49","3,55","3,31","9,33M","-2,59%"
"27.06.2022","3,47","3,60","3,64","3,40","10,02M","-2,25%"
"24.06.2022","3,55","3,55","3,70","3,51","12,70M","1,43%"
"23.06.2022","3,50","3,40","3,63","3,39","11,77M","3,24%"
"22.06.2022","3,39","3,20","3,42","3,20","11,58M","1,50%"
"21.06.2022","3,34","3,04","3,41","3,04","11,96M","12,08%"
"20.06.2022","2,98","2,98","3,04","2,94","4,01M","0,00%"
"17.06.2022","2,98","2,99","3,01","2,86","10,73M","-1,32%"
"15.06.2022","3,02","3,05","3,12","2,93","20,34M","1,00%"
"14.06.2022","2,99","3,03","3,13","2,92","11,61M","-0,33%"
"13.06.2022","3,00","2,96","3,07","2,91","13,84M","-1,96%"
"10.06.2022","3,06","3,10","3,20","3,04","11,28M","-4,97%"
"09.06.2022","3,22","3,52","3,58","3,19","18,06M","-9,04%"
"08.06.2022","3,54","3,47","3,65","3,42","9,51M","1,43%"
"07.06.2022","3,49","3,30","3,50","3,25","10,37M","1,45%"
"06.06.2022","3,44","3,62","3,80","3,41","12,35M","-4,44%"
"03.06.2022","3,60","3,43","3,63","3,38","13,40M","2,86%"
"02.06.2022","3,50","3,08","3,60","3,05","22,56M","13,64%"
"01.06.2022","3,08","3,05","3,13","2,95","14,14M","1,99%"
"31.05.2022","3,02","3,24","3,29","3,00","15,49M","-6,21%"
"30.05.2022","3,22","3,17","3,30","3,10","6,48M","1,58%"
"27.05.2022","3,17","2,90","3,17","2,88","23,37M","11,23%"
"26.05.2022","2,85","2,87","3,03","2,74","22,05M","0,00%"
"25.05.2022","2,85","2,76","2,85","2,67","15,37M","4,78%"
"24.05.2022","2,72","2,94","2,97","2,71","20,26M","-9,93%"
"23.05.2022","3,02","3,18","3,18","2,83","22,25M","-2,89%"
"20.05.2022","3,11","3,62","3,69","2,97","26,22M","-10,89%"
"19.05.2022","3,49","3,19","3,54","3,05","21,36M","8,39%"
"18.05.2022","3,22","3,33","3,39","3,09","12,62M","-4,73%"
"17.05.2022","3,38","4,04","4,13","3,33","25,71M","-7,40%"
"16.05.2022","3,65","4,05","4,11","3,47","17,85M","-9,65%"
"13.05.2022","4,04","3,53","4,15","3,50","10,68M","18,82%"
"12.05.2022","3,40","3,16","3,55","2,88","15,60M","5,26%"
"11.05.2022","3,23","3,79","3,81","3,22","11,83M","-14,32%"
"10.05.2022","3,77","4,04","4,05","3,70","5,27M","-0,79%"
"09.05.2022","3,80","4,30","4,36","3,80","10,19M","-14,41%"
"06.05.2022","4,44","4,48","4,63","4,30","4,92M","-2,20%"
"05.05.2022","4,54","4,68","4,68","4,40","5,43M","-3,20%"
"04.05.2022","4,69","4,55","4,69","4,40","4,41M","3,08%"
"03.05.2022","4,55","5,06","5,07","4,46","9,56M","-10,08%"
"02.05.2022","5,06","4,98","5,25","4,95","3,99M","2,22%"
"29.04.2022","4,95","5,18","5,20","4,91","2,37M","-3,70%"
"28.04.2022","5,14","5,33","5,38","4,94","4,58M","-2,10%"
"27.04.2022","5,25","5,31","5,47","5,23","1,89M","0,57%"
"26.04.2022","5,22","5,59","5,68","5,18","3,18M","-7,12%"
"25.04.2022","5,62","5,38","5,69","5,28","3,17M","3,50%"
"22.04.2022","5,43","5,41","5,55","5,36","1,69M","-1,45%"
"20.04.2022","5,51","5,60","5,77","5,51","2,18M","-1,61%"
"19.04.2022","5,60","5,46","5,66","5,32","2,78M","2,75%"
"18.04.2022","5,45","5,53","5,55","5,33","3,02M","-1,62%"
"14.04.2022","5,54","5,65","5,70","5,44","2,38M","-1,60%"
"13.04.2022","5,63","5,61","5,68","5,45","2,59M","1,99%"
"12.04.2022","5,52","5,88","5,94","5,45","3,59M","-4,50%"
"11.04.2022","5,78","5,78","5,95","5,64","2,67M","0,35%"
"08.04.2022","5,76","5,84","5,94","5,61","3,64M","-1,37%"
"07.04.2022","5,84","5,99","6,10","5,83","3,17M","-1,85%"
"06.04.2022","5,95","6,07","6,08","5,71","4,33M","-3,09%"
"05.04.2022","6,14","6,23","6,25","6,00","3,49M","-1,44%"
"04.04.2022","6,23","6,31","6,39","6,13","2,94M","-1,89%"
"01.04.2022","6,35","6,21","6,39","6,15","5,61M","2,92%"
"31.03.2022","6,17","6,45","6,51","6,15","5,34M","-3,74%"
"30.03.2022","6,41","6,53","6,62","6,36","3,48M","-1,69%"
"29.03.2022","6,52","6,42","6,65","6,32","5,69M","3,33%"
"28.03.2022","6,31","6,37","6,52","6,24","3,58M","0,64%"
"25.03.2022","6,27","6,46","6,70","6,22","5,98M","-3,69%"
"24.03.2022","6,51","6,45","6,54","6,15","5,52M","2,20%"
"23.03.2022","6,37","6,54","6,60","6,26","5,15M","-2,60%"
"22.03.2022","6,54","6,28","6,71","6,24","6,22M","5,65%"
"21.03.2022","6,19","6,58","6,68","6,06","4,61M","-5,64%"
"18.03.2022","6,56","6,09","6,69","6,05","6,83M","5,47%"
"17.03.2022","6,22","5,73","6,25","5,64","6,54M","6,51%"
"16.03.2022","5,84","5,34","5,89","5,29","8,75M","12,52%"
"15.03.2022","5,19","5,16","5,30","4,80","4,56M","1,37%"
"14.03.2022","5,12","5,63","5,63","5,04","7,80M","-8,57%"
"11.03.2022","5,60","6,07","6,10","5,51","8,15M","-5,72%"
"10.03.2022","5,94","6,45","6,74","5,87","7,83M","-10,14%"
"09.03.2022","6,61","6,51","6,83","6,40","3,89M","3,28%"
"08.03.2022","6,40","5,99","6,70","5,75","7,17M","8,66%"
"07.03.2022","5,89","6,11","6,13","5,85","3,99M","-3,28%"
"04.03.2022","6,09","6,20","6,40","6,00","4,47M","-2,09%"
"03.03.2022","6,22","6,63","6,74","6,15","4,46M","-5,90%"
"02.03.2022","6,61","6,66","6,76","6,57","1,70M","-0,90%"
"25.02.2022","6,67","6,86","7,09","6,47","4,86M","-1,91%"
"24.02.2022","6,80","6,17","6,82","5,85","7,62M","7,59%"
"23.02.2022","6,32","7,99","8,07","6,31","12,99M","-15,73%"
"22.02.2022","7,50","8,53","8,75","7,44","7,10M","-12,79%"
"21.02.2022","8,60","8,39","8,91","8,33","2,75M","3,37%"
"18.02.2022","8,32","8,58","10,03","8,32","14,69M","-4,15%"
"17.02.2022","8,68","7,76","8,77","7,64","8,55M","12,87%"
"16.02.2022","7,69","7,87","8,15","7,48","2,96M","-1,66%"
"15.02.2022","7,82","7,83","7,98","7,60","3,47M","4,27%"
"14.02.2022","7,50","7,41","7,85","7,17","3,87M","0,27%"
"11.02.2022","7,48","8,14","8,40","7,37","6,37M","-8,11%"
"10.02.2022","8,14","8,63","8,70","7,99","5,92M","-7,18%"
"09.02.2022","8,77","7,71","8,95","7,69","7,67M","14,04%"
"08.02.2022","7,69","6,78","7,70","6,56","3,76M","13,93%"
"07.02.2022","6,75","6,52","6,94","6,30","3,19M","3,21%"
"04.02.2022","6,54","6,03","6,58","5,96","2,79M","9,00%"
"03.02.2022","6,00","6,20","6,32","5,94","2,67M","-2,91%"
"02.02.2022","6,18","6,67","6,81","6,18","1,53M","-6,51%"
"01.02.2022","6,61","6,39","6,68","6,31","1,61M","2,32%"
"31.01.2022","6,46","6,05","6,54","5,85","3,36M","6,78%"
"28.01.2022","6,05","6,37","6,42","5,82","3,04M","-4,12%"
"27.01.2022","6,31","6,50","6,60","6,30","2,09M","-1,87%"
"26.01.2022","6,43","6,75","7,17","6,38","3,49M","-3,31%"
"25.01.2022","6,65","6,55","6,69","6,40","1,88M","-0,15%"
"24.01.2022","6,66","6,90","6,90","6,25","2,90M","-3,48%"
"21.01.2022","6,90","7,19","7,28","6,77","3,69M","-4,43%"
"20.01.2022","7,22","7,09","7,70","7,08","3,45M","1,98%"
"19.01.2022","7,08","7,21","7,25","6,93","3,16M","-1,26%"
"18.01.2022","7,17","7,47","7,47","6,85","2,84M","-4,65%"
"17.01.2022","7,52","7,61","7,78","7,06","2,43M","-0,53%"
"14.01.2022","7,56","8,16","8,20","7,55","3,24M","-5,85%"
"13.01.2022","8,03","8,32","8,45","8,01","1,56M","-3,14%"
"12.01.2022","8,29","8,60","8,78","8,15","2,82M","-3,60%"
"11.01.2022","8,60","8,50","8,78","8,29","1,62M","1,78%"
"10.01.2022","8,45","8,66","8,73","8,23","1,32M","-2,42%"
"07.01.2022","8,66","8,60","9,07","8,57","1,50M","-3,67%"
"06.01.2022","8,99","8,65","8,99","8,05","2,37M","5,15%"
"05.01.2022","8,55","9,02","9,23","8,48","2,96M","-6,86%"
"04.01.2022","9,18","9,32","9,70","8,92","2,49M","-1,29%"
"03.01.2022","9,30","8,78","9,40","8,78","2,41M","6,16%"
"30.12.2021","8,76","8,83","8,89","8,70","803,57K","-0,79%"
"29.12.2021","8,83","8,96","8,99","8,69","696,23K","0,46%"
"28.12.2021","8,79","9,09","9,23","8,79","994,30K","-3,30%"
"27.12.2021","9,09","9,20","9,49","8,89","1,37M","-1,20%"
"23.12.2021","9,20","8,46","9,32","8,41","2,96M","7,73%"
"22.12.2021","8,54","8,70","8,73","8,50","928,52K","-1,84%"
"21.12.2021","8,70","8,53","8,75","8,35","2,30M","2,35%"
"20.12.2021","8,50","8,95","8,95","8,32","3,10M","-5,03%"
"17.12.2021","8,95","9,49","9,70","8,75","2,90M","-5,69%"
"16.12.2021","9,49","9,61","9,99","9,14","2,85M","-0,52%"
"15.12.2021","9,54","9,40","9,75","8,93","4,06M","3,14%"
"14.12.2021","9,25","10,64","10,64","8,91","7,38M","-13,15%"
"13.12.2021","10,65","11,66","11,90","10,35","12,23M","-7,39%"
"10.12.2021","11,50","10,34","11,73","10,06","19,04M","14,54%"